{
  "execPath": "C:/Users/alvarol/.platformio/packages/toolchain-gccarmnoneeabi/bin/arm-none-eabi-g++.exe",
  "gccDefaultCFlags": "-fsyntax-only -std=gnu11 -Os -ffunction-sections -fdata-sections -Wall -mcpu=cortex-m3 -mthumb -nostdlib --param max-inline-insns-single=500 -DPLATFORMIO=50002 -D__SAM3X8E__ -DARDUINO_SAM_DUE -DARDUINO=10805 -DF_CPU=84000000L -DUSBCON -DUSB_VID=0x2341 -DUSB_PID=0x003E -DUSB_PRODUCT=\"Arduino\\ Due\" -DUSB_MANUFACTURER=\"Arduino\" -DARDUINO_ARCH_SAM",
  "gccDefaultCppFlags": "-fsyntax-only -fno-rtti -fno-exceptions -std=gnu++11 -fno-threadsafe-statics -Os -ffunction-sections -fdata-sections -Wall -mcpu=cortex-m3 -mthumb -nostdlib --param max-inline-insns-single=500 -DPLATFORMIO=50002 -D__SAM3X8E__ -DARDUINO_SAM_DUE -DARDUINO=10805 -DF_CPU=84000000L -DUSBCON -DUSB_VID=0x2341 -DUSB_PID=0x003E -DUSB_PRODUCT=\"Arduino\\ Due\" -DUSB_MANUFACTURER=\"Arduino\" -DARDUINO_ARCH_SAM",
  "gccErrorLimit": 15,
  "gccIncludePaths": "C:/Users/alvarol/Desktop/Arduino/ArduinoFinalWorkingVersion (05-08-19 Modified)/include,C:/Users/alvarol/Desktop/Arduino/ArduinoFinalWorkingVersion (05-08-19 Modified)/src,C:/Users/alvarol/.platformio/packages/framework-arduino-sam/libraries/Wire/src,C:/Users/alvarol/Desktop/Arduino/ArduinoFinalWorkingVersion (05-08-19 Modified)/lib/StateMachine,C:/Users/alvarol/.platformio/packages/framework-arduino-sam/libraries/SPI/src,C:/Users/alvarol/Desktop/Arduino/ArduinoFinalWorkingVersion (05-08-19 Modified)/lib/Tone,C:/Users/alvarol/Desktop/Arduino/ArduinoFinalWorkingVersion (05-08-19 Modified)/lib/Encoder,C:/Users/alvarol/Desktop/Arduino/ArduinoFinalWorkingVersion (05-08-19 Modified)/lib/Encoder/utility,C:/Users/alvarol/.platformio/packages/framework-arduino-sam/cores/arduino,C:/Users/alvarol/.platformio/packages/framework-arduino-sam/system/libsam,C:/Users/alvarol/.platformio/packages/framework-arduino-sam/system/CMSIS/CMSIS/Include,C:/Users/alvarol/.platformio/packages/framework-arduino-sam/system/CMSIS/Device/ATMEL,C:/Users/alvarol/.platformio/packages/framework-arduino-sam/variants/arduino_due_x,C:/Users/alvarol/.platformio/packages/framework-arduino-sam/libraries/HID/src,C:/Users/alvarol/.platformio/packages/toolchain-gccarmnoneeabi/arm-none-eabi/include/c++/7.2.1,C:/Users/alvarol/.platformio/packages/toolchain-gccarmnoneeabi/arm-none-eabi/include/c++/7.2.1/arm-none-eabi,C:/Users/alvarol/.platformio/packages/toolchain-gccarmnoneeabi/lib/gcc/arm-none-eabi/7.2.1/include,C:/Users/alvarol/.platformio/packages/toolchain-gccarmnoneeabi/lib/gcc/arm-none-eabi/7.2.1/include-fixed,C:/Users/alvarol/.platformio/packages/toolchain-gccarmnoneeabi/arm-none-eabi/include,C:/Users/alvarol/.platformio/packages/tool-unity",
  "gccSuppressWarnings": false
}
